<?xml version="1.0" encoding="UTF-8"?>
<project-private xmlns="http://www.netbeans.org/ns/project-private/1">
    <editor-bookmarks xmlns="http://www.netbeans.org/ns/editor-bookmarks/2" lastBookmarkId="0"/>
    <open-files xmlns="http://www.netbeans.org/ns/projectui-open-files/2">
        <group>
            <file>file:/D:/Users/Dell/Downloads/Documents/pinjaman/pinjaman/src/Controler/ControlerTeman.java</file>
            <file>file:/D:/Users/Dell/Downloads/Documents/pinjaman/pinjaman/src/Model/ModelTeman.java</file>
            <file>file:/D:/Users/Dell/Downloads/Documents/pinjaman/pinjaman/src/Util/Koneksi.java</file>
            <file>file:/D:/Users/Dell/Downloads/Documents/pinjaman/pinjaman/src/View/ViewCariTeman.java</file>
            <file>file:/D:/Users/Dell/Downloads/Documents/pinjaman/pinjaman/src/pinjaman/Pinjaman.java</file>
            <file>file:/D:/Users/Dell/Downloads/Documents/pinjaman/pinjaman/src/Model/ModelPinjam.java</file>
            <file>file:/D:/Users/Dell/Downloads/Documents/pinjaman/pinjaman/src/View/MenuUtama.java</file>
            <file>file:/D:/Users/Dell/Downloads/Documents/pinjaman/pinjaman/src/Controler/ControlerPinjam.java</file>
            <file>file:/D:/Users/Dell/Downloads/Documents/pinjaman/pinjaman/src/View/ViewTeman.java</file>
            <file>file:/D:/Users/Dell/Downloads/Documents/pinjaman/pinjaman/src/View/ViewPinjam.java</file>
        </group>
    </open-files>
</project-private>
